"(1s)-(-)-alpha-pinene","kg","Terpenes","kg",1,1.00
"(2,4-dichlorophenoxy)acetic acid","kg","2,4-D","kg",0,1.00
"1,1,2-trichloroethane","kg","Ethane, 1,1,2-trichloro-","kg",0,1.00
"1,1-diallylhydrazine","kg","Hydrazine","kg",1,1.00
"1,1-dimethylhydrazine","kg","Hydrazine","kg",1,1.00
"1,1-di-n-butylhydrazine","kg","Hydrazine","kg",1,1.00
"1,1-methylenebis[4-isocyanato-cyclohexane]","kg","Hydrazine","kg",1,1.00
"1,2,3,4-tetrachlorobenzene","kg","Benzene, chloro-","kg",0,1.00
"1,2,3,5-tetrachlorobenzene","kg","Benzene, chloro-","kg",0,1.00
"1,2,3,7,8,9-hexachlorodibenzo-p-dioxin","kg","Dioxins, measured as 2,3,7,8-tetrachlorodibenzo-p-dioxin","kg",1,1.00
"1,2,3-trichlorobenzene","kg","Benzene, chloro-","kg",0,1.00
"1,2,4,5-tetrachlorobenzene","kg","Benzene, chloro-","kg",0,1.00
"1,2,4-trichlorobenzene","kg","Benzene, chloro-","kg",0,1.00
"1,2-dichlorobenzene","kg","o-Dichlorobenzene","kg",0,1.00
"1,2-dichloroethane","kg","Ethane, 1,2-dichloro-","kg",0,1.00
"1,2-dichloroethylene","kg","Ethene, chloro-","kg",0,1.00
"1,3,5-trichlorobenzene","kg","Benzene, chloro-","kg",0,1.00
"1,3-dichlorobenzene","kg","Benzene, chloro-","kg",0,1.00
"1,3-diethyl-5-methylcyclohexane","kg","Cyclohexane","kg",1,1.00
"1,3-diethyl-5-pentylcyclohexane","kg","Cyclohexane","kg",1,1.00
"1,3-diethylcyclohexane","kg","Cyclohexane","kg",1,1.00
"1,3-dimethylcyclohexane","kg","Cyclohexane","kg",1,1.00
"1,3-dipropyl-5-ethylcyclohexane","kg","Cyclohexane","kg",1,1.00
"1,4-dichlorobenzene","kg","Benzene, chloro-","kg",0,1.00
"1-butene","kg","Butene","kg",0,1.00
"1-chloro-2-nitrobenzene","kg","Nitrobenzene","kg",1,1.00
"1-chloro-4-nitrobenzene","kg","Nitrobenzene","kg",1,1.00
"1-ethyl-2-methylbenzene","kg","Benzene, ethyl-","kg",1,1.00
"1-ethyl-3,5-dimethylbenzene","kg","Benzene, ethyl-","kg",1,1.00
"1-ethyl-3-methylbenzene","kg","Benzene, ethyl-","kg",1,1.00
"1-ethyl-4-methylcyclohexane","kg","Cyclohexane","kg",1,1.00
"1-nonene","kg","Hydrocarbons, aliphatic, unsaturated","kg",1,1.00
"1-octene","kg","Hydrocarbons, aliphatic, unsaturated","kg",1,1.00
"1-pentene","kg","Hydrocarbons, aliphatic, unsaturated","kg",1,1.00
"1-propylbromide","kg","Bromide","kg",1,1.00
"2,3,7,8-tetrachlorodibenzo-p-dioxin","kg","Dioxins, measured as 2,3,7,8-tetrachlorodibenzo-p-dioxin","kg",0,1.00
"2-ethoxyethanol","kg","Ethylene glycol monoethyl ether","kg",1,1.00
"2-methyl-2-butene","kg","2-Methyl-2-butene","kg",0,1.00
"2-methyl-4,6-dinitrophenol","kg","DNOC","kg",0,1.00
"2-methyl-4-chlorophenoxyacetic acid","kg","MCPA","kg",0,1.00
"3-methyl-1-butanol","kg","3-Methyl-1-butanol","kg",0,1.00
"3-methylpentane","kg","2-Methyl pentane","kg",0,1.00
"3-methylpentane","kg","Methyl pentane","kg",0,1.00
"acenaphthene","kg","Acenaphthene","kg",0,1.00
"acenaphthylene","kg","Acenaphthylene","kg",0,1.00
"acephate","kg","Acephate","kg",0,1.00
"acetaldehyde","kg","Acetaldehyde","kg",0,1.00
"acetamide","kg","Acetamide","kg",0,1.00
"acetic acid","kg","Acetic acid","kg",0,1.00
"acetochlor","kg","Acetochlor","kg",0,1.00
"acetone","kg","Acetone","kg",0,1.00
"acetone [4-(5-nitro-2-furyl)-2-thiazolyl]hydrazone","kg","Acetone","kg",0,1.00
"acetonitrile","kg","Acetonitrile","kg",0,1.00
"acid (as H+)","kg","Acidity, unspecified","kg",0,1.00
"aclonifen","kg","Aclonifen","kg",0,1.00
"acrolein","kg","Acrolein","kg",0,1.00
"acrylic acid","kg","Acrylic acid","kg",0,1.00
"acryolonitrile","kg","Acrylonitrile","kg",0,1.00
"adsorbable organic halogen compounds","kg","AOX, Adsorbable Organic Halogen as Cl","kg",0,1.00
"aldicarb","kg","Aldicarb","kg",0,1.00
"aldoxycarb","kg","Aldicarb","kg",1,1.00
"aldrin","kg","Aldrin","kg",0,1.00
"allethrin","kg","Insecticides, unspecified","kg",1,1.00
"allyl alcohol","kg","2-Propanol","kg",0,1.00
"alpha-methylbenzyl alcohol","kg","Benzyl alcohol","kg",1,1.00
"aluminium","kg","Aluminium","kg",0,1.00
"americium-241","kBq","Americium-241","kBq",0,1.00
"ametryne","kg","Ametryn","kg",0,1.00
"amiben","kg","Herbicides, unspecified","kg",1,1.00
"amidosulfuron","kg","Amidosulfuron","kg",0,1.00
"aminoparathion","kg","Parathion","kg",1,1.00
"amitraz","kg","Insecticides, unspecified","kg",1,1.00
"amitrole","kg","Herbicides, unspecified","kg",1,1.00
"ammonia","kg","Ammonia","kg",0,1.00
"ammonium","kg","Ammonium, ion","kg",0,1.00
"anilazine","kg","Fungicides, unspecified","kg",1,1.00
"anthracene","kg","PAH, polycyclic aromatic hydrocarbons","kg",1,1.00
"antimonite","kg","Stibnite, in ground","kg",0,1.00
"antimony","kg","Antimony","kg",0,1.00
"antimony-122","kBq","Antimony-122","kBq",0,1.00
"antimony-124","kBq","Antimony-124","kBq",0,1.00
"antimony-125","kBq","Antimony-125","kBq",0,1.00
"aramite","kg","Insecticides, unspecified","kg",1,1.00
"argon-41","kBq","Argon-41","kBq",0,1.00
"arsenic","kg","Arsenic","kg",0,1.00
"arsenic","kg","Arsenic, ion","kg",0,1.00
"arsenic trioxide","kg","Arsenic","kg",1,1.00
"asbestos (white)","kg","Chrysotile, in ground","kg",0,1.00
"asulam","kg","Asulam","kg",0,1.00
"atrazine","kg","Atrazine","kg",0,1.00
"avermectin B1","kg","Insecticides, unspecified","kg",1,1.00
"azinphos-ethyl","kg","Azinphos-methyl","kg",1,1.00
"azinphos-methyl","kg","Azinphos-methyl","kg",0,1.00
"azoxystrobin","kg","Azoxystrobin","kg",0,1.00
"barium","kg","Barium","kg",0,1.00
"barium sulfate","kg","Barite","kg",0,1.00
"barium-140","kBq","Barium-140","kBq",0,1.00
"baryte","kg","Barite","kg",0,1.00
"baryte","kg","Barite, 15% in crude ore, in ground","kg",0,1.00
"basalt","kg","Basalt, in ground","kg",0,1.00
"bauxite","kg","Aluminium, 24% in bauxite, 11% in crude ore, in ground","kg",0,1.00
"benefin","kg","Herbicides, unspecified","kg",1,1.00
"benomyl","kg","Benomyl","kg",0,1.00
"bentazone","kg","Bentazone","kg",0,1.00
"bentonite","kg","Clay, bentonite, in ground","kg",0,1.00
"benzaldehyde","kg","Benzaldehyde","kg",0,1.00
"benzene","kg","Benzene","kg",0,1.00
"benzo[a]pyrene","kg","Benzo(a)pyrene","kg",0,1.00
"beryllium","kg","Beryllium","kg",0,1.00
"beta-1,2,3,4,5,6-hexachlorocyclohexane","kg","Cyclohexane","kg",1,1.00
"beta-butyrolactone","kg","Butyrolactone","kg",0,1.00
"betasan","kg","Herbicides, unspecified","kg",1,1.00
"Bidrin","kg","Dicrotophos","kg",0,1.00
"bifenox","kg","Bifenox","kg",0,1.00
"bifenthrin","kg","Bifenthrin","kg",0,1.00
"biological oxygen demand","kg","BOD5, Biological Oxygen Demand","kg",0,1.00
"bispyribac-sodium","kg","Herbicides, unspecified","kg",1,1.00
"borax","kg","Borax, in ground","kg",0,1.00
"boron","kg","Boron","kg",0,1.00
"bromacil","kg","Herbicides, unspecified","kg",1,1.00
"bromate","kg","Bromate","kg",0,1.00
"bromide","kg","Bromide","kg",0,1.00
"bromine","kg","Bromine","kg",0,1.00
"bromoxynil","kg","Bromoxynil","kg",0,1.00
"bromoxynil heptanoate","kg","Bromoxynil","kg",1,1.00
"bromoxynil octanoate","kg","Bromoxynil","kg",1,1.00
"bromuconazole","kg","Bromuconazole","kg",0,1.00
"brown coal","kg","Coal, brown, in ground","kg",0,1.00
"butadiene","kg","Butadiene","kg",0,1.00
"butanol","kg","Butanol","kg",0,1.00
"butene","kg","Butene","kg",0,1.00
"butoxyethyl triclopyr","kg","Triclopyr","kg",0,1.00
"butoxypropyl acetate","kg","Herbicides, unspecified","kg",1,1.00
"butralin","kg","Herbicides, unspecified","kg",1,1.00
"butyl benzyl phthalate","kg","Phthalate, butyl-benzyl-","kg",0,1.00
"butylate","kg","Herbicides, unspecified","kg",1,1.00
"butylene glycol","kg","1,4-Butanediol","kg",0,1.00
"cacodylic acid","kg","Herbicides, unspecified","kg",1,1.00
"cadmium","kg","Cadmium","kg",0,1.00
"calcium","kg","Calcium","kg",0,1.00
"calcium carbonate","kg","Calcite, in ground","kg",0,1.00
"captafol","kg","Fungicides, unspecified","kg",1,1.00
"captan","kg","Captan","kg",0,1.00
"carbaryl","kg","Carbaryl","kg",0,1.00
"carbendazim","kg","Carbendazim","kg",0,1.00
"carbetamide","kg","Carbetamide","kg",0,1.00
"carbofuran","kg","Carbofuran","kg",0,1.00
"carbon","kg","Carbon","kg",0,1.00
"carbon dioxide","kg","Carbon dioxide, in air","kg",0,1.00
"carbon dioxide","kg","Carbon dioxide, land transformation","kg",0,1.00
"carbon dioxide (biogenic)","kg","Carbon dioxide, biogenic","kg",0,1.00
"carbon dioxide (fossil)","kg","Carbon dioxide, fossil","kg",0,1.00
"carbon disulfide","kg","Carbon disulfide","kg",0,1.00
"carbon monoxide","kg","Carbon monoxide, biogenic","kg",0,1.00
"carbon monoxide","kg","Carbon monoxide, fossil","kg",0,1.00
"carbon-14","kBq","Carbon-14","kBq",0,1.00
"carbonate","kg","Carbonate","kg",0,1.00
"carboxin","kg","Carboxin","kg",0,1.00
"cerium","kg","Cerium, 24% in bastnasite, 2.4% in crude ore, in ground","kg",0,1.00
"cerium-141","kBq","Cerium-141","kBq",0,1.00
"cerium-144","kBq","Cerium-144","kBq",0,1.00
"cesium","kg","Cesium","kg",0,1.00
"cesium-134","kBq","Cesium-134","kBq",0,1.00
"cesium-136","kBq","Cesium-136","kBq",0,1.00
"cesium-137","kBq","Cesium-137","kBq",0,1.00
"CFC-10","kg","Methane, tetrachloro-, R-10","kg",0,1.00
"CFC-11","kg","Methane, trichlorofluoro-, CFC-11","kg",0,1.00
"CFC-113","kg","Ethane, 1,1,2-trichloro-1,2,2-trifluoro-, CFC-113","kg",0,1.00
"CFC-114","kg","Ethane, 1,2-dichloro-1,1,2,2-tetrafluoro-, CFC-114","kg",0,1.00
"CFC-115","kg","Ethane, chloropentafluoro-, CFC-115","kg",0,1.00
"CFC-12","kg","Methane, dichlorodifluoro-, CFC-12","kg",0,1.00
"CFC-13","kg","Methane, chlorotrifluoro-, CFC-13","kg",0,1.00
"CFC-143a","kg","Ethane, 1,1,1-trifluoro-, HFC-143a","kg",0,1.00
"chemical oxygen demand","kg","COD, Chemical Oxygen Demand","kg",0,1.00
"chlorate","kg","Chlorate","kg",0,1.00
"chlordane","kg","Insecticides, unspecified","kg",1,1.00
"chlorethoxyfos","kg","Insecticides, unspecified","kg",1,1.00
"chlorfenvinfos","kg","Insecticides, unspecified","kg",1,1.00
"chloridazon","kg","Chloridazon","kg",0,1.00
"chloride","kg","Chloride","kg",0,1.00
"chlorimuron-ethyl","kg","Chlorimuron-ethyl","kg",0,1.00
"chlorine","kg","Chlorine","kg",0,1.00
"chlormephos","kg","Insecticides, unspecified","kg",1,1.00
"chlormequat","kg","Chlormequat","kg",0,1.00
"chlormequat chloride","kg","Chlormequat chloride","kg",0,1.00
"chlorobenzene","kg","Benzene, chloro-","kg",0,1.00
"chloroethane","kg","Monochloroethane","kg",0,1.00
"chloroform","kg","Chloroform","kg",0,1.00
"chlorothalonil","kg","Chlorothalonil","kg",0,1.00
"chlorpyrifos","kg","Chlorpyrifos","kg",0,1.00
"chlorsulfuron","kg","Chlorsulfuron","kg",0,1.00
"chlortoluron","kg","Chlorotoluron","kg",0,1.00
"chromium","kg","Chromium","kg",0,1.00
"chromium III","kg","Chromium, ion","kg",0,1.00
"chromium VI","kg","Chromium VI","kg",0,1.00
"chromium-51","kBq","Chromium-51","kBq",0,1.00
"chrysene","kg","PAH, polycyclic aromatic hydrocarbons","kg",1,1.00
"cinnabar","kg","Cinnabar, in ground","kg",0,1.00
"clay","kg","Clay, unspecified, in ground","kg",0,1.00
"clofentezine","kg","Insecticides, unspecified","kg",1,1.00
"clomazone","kg","Clomazone","kg",0,1.00
"clopyralid","kg","Clopyralid","kg",0,1.00
"cobalt","kg","Cobalt","kg",0,1.00
"cobalt","kg","Cobalt, in ground","kg",0,1.00
"cobalt-57","kBq","Cobalt-57","kBq",0,1.00
"cobalt-58","kBq","Cobalt-58","kBq",0,1.00
"cobalt-60","kBq","Cobalt-60","kBq",0,1.00
"colemanite","kg","Colemanite, in ground","kg",0,1.00
"copper","kg","Copper","kg",0,1.00
"coumaphos","kg","Insecticides, unspecified","kg",1,1.00
"crotoxyphos","kg","Insecticides, unspecified","kg",1,1.00
"crude oil","kg","Oil, crude, in ground","kg",0,1.00
"cumene","kg","Cumene","kg",0,1.00
"curium","kBq","Curium alpha","kBq",0,1.00
"cyanazine","kg","Cyanazine","kg",0,1.00
"cyanide","kg","Cyanide","kg",0,1.00
"cyclanilide","kg","Cyclanilide","kg",0,1.00
"cyclohexane","kg","Cyclohexane","kg",0,1.00
"cyfluthrin","kg","Cyfluthrin","kg",0,1.00
"cyhalothrin","kg","Lambda-cyhalothrin","kg",0,1.00
"cyhexatin","kg","Insecticides, unspecified","kg",1,1.00
"cymoxanil","kg","Cymoxanil","kg",0,1.00
"cypermethrin","kg","Cypermethrin","kg",0,1.00
"cyproconazole","kg","Cyproconazole","kg",0,1.00
"cyprodinil","kg","Cyprodinil","kg",0,1.00
"dalapon","kg","Herbicides, unspecified","kg",1,1.00
"dazomet","kg","Fungicides, unspecified","kg",1,1.00
"DDD","kg","Insecticides, unspecified","kg",1,1.00
"DDT","kg","Insecticides, unspecified","kg",1,1.00
"decane","kg","Hydrocarbons, aliphatic, alkanes, unspecified","kg",1,1.00
"deltamethrin","kg","Deltamethrin","kg",0,1.00
"demeton","kg","Insecticides, unspecified","kg",1,1.00
"demeton-s-methyl sulfoxide","kg","Oxydemeton-methyl","kg",0,1.00
"desmedipham","kg","Desmedipham","kg",0,1.00
"desmetrin","kg","Herbicides, unspecified","kg",1,1.00
"diallate","kg","Herbicides, unspecified","kg",1,1.00
"diatomite","kg","Diatomite, in ground","kg",0,1.00
"diazinon","kg","Diazinon","kg",0,1.00
"dibutyl phthalate","kg","Phthalate, dibutyl-","kg",0,1.00
"dicamba","kg","Dicamba","kg",0,1.00
"dichlobenil","kg","Dichlobenil","kg",0,1.00
"dichloromethane","kg","Methane, dichloro-, HCC-30","kg",0,1.00
"dichloroprop","kg","Dichlorprop-P","kg",0,1.00
"diclofop-me","kg","Diclofop","kg",0,1.00
"diclofop-me","kg","Diclofop-methyl","kg",0,1.00
"dicofol","kg","Dicofol","kg",0,1.00
"dieldrin","kg","Insecticides, unspecified","kg",1,1.00
"diethylene glycol","kg","Diethylene glycol","kg",0,1.00
"difenoconazole","kg","Difenoconazole","kg",0,1.00
"diflubenzuron","kg","Diflubenzuron","kg",0,1.00
"diflufenican","kg","Diflufenican","kg",0,1.00
"dimethenamid","kg","Dimethenamid","kg",0,1.00
"dimethipin","kg","Dimethipin","kg",0,1.00
"dimethoate","kg","Dimethoate","kg",0,1.00
"dimethomorph","kg","Dimethomorph","kg",0,1.00
"dimethyl phthalate","kg","Phthalate, dimethyl-","kg",0,1.00
"dimethylamine","kg","Dimethylamine","kg",0,1.00
"dinoseb","kg","Dinoseb","kg",0,1.00
"diquat dibromide","kg","Diquat","kg",1,1.00
"di-sec-octyl phthalate","kg","Phthalate, dioctyl-","kg",0,1.00
"disulfoton","kg","Disulfoton","kg",0,1.00
"diuron","kg","Diuron","kg",0,1.00
"dodecane","kg","Hydrocarbons, aliphatic, alkanes, unspecified","kg",1,1.00
"dolomite","kg","Dolomite, in ground","kg",0,1.00
"endosulfan","kg","Endosulfan","kg",0,1.00
"endothall","kg","Endothall","kg",0,1.00
"endrin","kg","Insecticides, unspecified","kg",1,1.00
"epichlorohydrin","kg","Epichlorohydrin","kg",0,1.00
"esfenvalerate","kg","Esfenvalerate","kg",0,1.00
"ethalfluralin","kg","Ethalfluralin","kg",0,1.00
"ethane","kg","Ethane","kg",0,1.00
"ethanol","kg","Ethanol","kg",0,1.00
"ethephon","kg","Ethephon","kg",0,1.00
"ether","kg","Diethyl ether","kg",0,1.00
"ethofumesate","kg","Ethofumesate","kg",0,1.00
"ethoprophos","kg","Ethoprop","kg",0,1.00
"ethyl acetate","kg","Ethyl acetate","kg",0,1.00
"ethyl benzene","kg","Benzene, ethyl-","kg",0,1.00
"ethylene","kg","Ethene","kg",0,1.00
"ethylene oxide","kg","Ethylene oxide","kg",0,1.00
"ethylenediamine","kg","Ethylene diamine","kg",0,1.00
"ethylyne","kg","Ethyne","kg",0,1.00
"etridiazole","kg","Etridiazole","kg",0,1.00
"europium","kg","Europium, 0.06% in bastnasite, 0.006% in crude ore, in ground","kg",0,1.00
"FC-14","kg","Methane, tetrafluoro-, R-14","kg",0,1.00
"feldspar","kg","Feldspar, in ground","kg",0,1.00
"fenbuconazole","kg","Fenbuconazole","kg",0,1.00
"fenoxaprop-ethyl","kg","Fenoxaprop ethyl ester","kg",0,1.00
"fenoxaprop-p-ethyl","kg","Fenoxaprop-P ethyl ester","kg",0,1.00
"fenpiclonil","kg","Fenpiclonil","kg",0,1.00
"fenpropathrin","kg","Fenpropathrin","kg",0,1.00
"fenpropidin","kg","Fenpropidin","kg",0,1.00
"fenpropimorph","kg","Fenpropimorph","kg",0,1.00
"fentin acetate","kg","Fentin acetate","kg",0,1.00
"fentin hydroxide","kg","Fentin hydroxide","kg",0,1.00
"fipronil","kg","Fipronil","kg",0,1.00
"fluazifop-p-butyl","kg","Fluazifop-P-butyl","kg",0,1.00
"fluazinam","kg","Fluazinam","kg",0,1.00
"fludioxonil","kg","Fludioxonil","kg",0,1.00
"flufenacet","kg","Flufenacet","kg",0,1.00
"flumetsulam","kg","Flumetsulam","kg",0,1.00
"fluometuron","kg","Fluometuron","kg",0,1.00
"fluoride","kg","Fluoride","kg",0,1.00
"fluorine","kg","Fluorine","kg",0,1.00
"fluorspar","kg","Fluorspar, 92%, in ground","kg",0,1.00
"fluroxypyr","kg","Fluroxypyr","kg",0,1.00
"flusilazole","kg","Flusilazole","kg",0,1.00
"flutolanil","kg","Flutolanil","kg",0,1.00
"formaldehyde","kg","Formaldehyde","kg",0,1.00
"formic acid","kg","Formic acid","kg",0,1.00
"furan","kg","Furan","kg",0,1.00
"gadolinium","kg","Gadolinium, 0.15% in bastnasite, 0.015% in crude ore, in ground","kg",0,1.00
"gallium","kg","Gallium, 0.014% in bauxite, in ground","kg",0,1.00
"glufosinate ammonium salt","kg","Glufosinate","kg",1,1.00
"glutaraldehyde","kg","Glutaraldehyde","kg",0,1.00
"glyphosate","kg","Glyphosate","kg",0,1.00
"glyphosate-trimesium","kg","Sulfosate","kg",0,1.00
"gold","kg","Gold","kg",0,1.00
"granite","kg","Granite, in ground","kg",0,1.00
"gravel","kg","Gravel, in ground","kg",0,1.00
"ground water","kg","Water, salt, sole","m3",0,0.001
"ground water","kg","Water, well, in ground","m3",0,0.001
"gypsum","kg","Gypsum, in ground","kg",0,1.00
"Halon-1001","kg","Methane, bromo-, Halon 1001","kg",0,1.00
"Halon-1211","kg","Methane, bromochlorodifluoro-, Halon 1211","kg",0,1.00
"Halon-1301","kg","Methane, bromotrifluoro-, Halon 1301","kg",0,1.00
"halosulfuron-methyl","kg","Halosulfuron-methyl","kg",0,1.00
"hard coal","kg","Coal, hard, unspecified, in ground","kg",0,1.00
"HCFC-123","kg","Ethane, 2,2-dichloro-1,1,1-trifluoro-, HCFC-123","kg",0,1.00
"HCFC-124","kg","Ethane, 2-chloro-1,1,1,2-tetrafluoro-, HCFC-124","kg",0,1.00
"HCFC-140","kg","Ethane, 1,1,1-trichloro-, HCFC-140","kg",0,1.00
"HCFC-141b","kg","Ethane, 1,1-dichloro-1-fluoro-, HCFC-141b","kg",0,1.00
"HCFC-142","kg","Ethane, 1-chloro-1,1-difluoro-, HCFC-142b","kg",0,1.00
"HCFC-21","kg","Methane, dichlorofluoro-, HCFC-21","kg",0,1.00
"HCFC-22","kg","Methane, chlorodifluoro-, HCFC-22","kg",0,1.00
"HCFC-31","kg","Methane, chloro-fluoro-, HCFC-31","kg",0,1.00
"helium","kg","Helium","kg",0,1.00
"helium","kg","Helium, 0.08% in natural gas, in ground","kg",0,1.00
"heptane","kg","Heptane","kg",0,1.00
"hexachlorobenzene","kg","Benzene, hexachloro-","kg",0,1.00
"hexachloroethane","kg","Ethane, hexachloro-","kg",0,1.00
"hexane","kg","Hexane","kg",0,1.00
"HFC-116","kg","Ethane, hexafluoro-, HFC-116","kg",0,1.00
"HFC-125","kg","Ethane, pentafluoro-, HFC-125","kg",0,1.00
"HFC-134a","kg","Ethane, 1,1,1,2-tetrafluoro-, HFC-134a","kg",0,1.00
"HFC-152a","kg","Ethane, 1,1-difluoro-, HFC-152a","kg",0,1.00
"HFC-23","kg","Methane, trifluoro-, HFC-23","kg",0,1.00
"HFC-32","kg","Methane, difluoro-, HFC-32","kg",0,1.00
"hydrazine","kg","Hydrazine","kg",0,1.00
"hydrocarbons (unspecified)","kg","Hydrocarbons, unspecified","kg",0,1.00
"hydrogen","kg","Hydrogen","kg",0,1.00
"hydrogen arsenide","kg","Arsine","kg",0,1.00
"hydrogen chloride","kg","Hydrogen chloride","kg",0,1.00
"hydrogen fluoride","kg","Hydrogen fluoride","kg",0,1.00
"hydrogen peroxide","kg","Hydrogen peroxide","kg",0,1.00
"hydrogen sulfide","kg","Hydrogen sulfide","kg",0,1.00
"hydrogen-3","kBq","Hydrogen-3, Tritium","kBq",0,1.00
"hydroxide","kg","Hydroxide","kg",0,1.00
"hypochlorite","kg","Hypochlorite","kg",0,1.00
"imazalil","kg","Imazalil","kg",0,1.00
"imazamox","kg","Imazamox","kg",0,1.00
"imazapyr","kg","Imazapyr","kg",0,1.00
"imazaquin","kg","Herbicides, unspecified","kg",1,1.00
"indan","kg","Hydrocarbons, aromatic","kg",1,1.00
"indeno(1,2,3-cd)pyrene","kg","PAH, polycyclic aromatic hydrocarbons","kg",1,1.00
"indium","kg","Indium, 0.005% in sulfide, In 0.003%, Pb, Zn, Ag, Cd, in ground","kg",0,1.00
"indoxacarb","kg","Indoxacarb","kg",0,1.00
"inert rock","kg","Metamorphous rock, graphite containing, in ground","kg",0,1.00
"iodide","kg","Iodide","kg",0,1.00
"iodine","kg","Iodine","kg",0,1.00
"iodine-129","kBq","Iodine-129","kBq",0,1.00
"iodine-131","kBq","Iodine-131","kBq",0,1.00
"iodine-133","kBq","Iodine-133","kBq",0,1.00
"ioxynil","kg","Ioxynil","kg",0,1.00
"iprodione","kg","Iprodion","kg",0,1.00
"iron","kg","Iron","kg",0,1.00
"iron","kg","Iron, 46% in ore, 25% in crude ore, in ground","kg",0,1.00
"iron-59","kBq","Iron-59","kBq",0,1.00
"isobutanol","kg","2-Methyl-1-propanol","kg",0,1.00
"isoprene","kg","Isoprene","kg",0,1.00
"isopropanol","kg","2-Propanol","kg",0,1.00
"isoproturon","kg","Isoproturon","kg",0,1.00
"isoxaflutole","kg","Isoxaflutole","kg",0,1.00
"kaolin","kg","Kaolinite, 24% in crude ore, in ground","kg",0,1.00
"kaolinite","kg","Kaolinite, 24% in crude ore, in ground","kg",0,1.00
"kepone","kg","Insecticides, unspecified","kg",1,1.00
"kieserite","kg","Kieserite, 25% in crude ore, in ground","kg",0,1.00
"kresoxim methyl","kg","Kresoxim-methyl","kg",0,1.00
"krypton","kg","Krypton, in air","kg",0,1.00
"krypton-85","kBq","Krypton-85","kBq",0,1.00
"krypton-85","kBq","Krypton-85m","kBq",0,1.00
"krypton-87","kBq","Krypton-87","kBq",0,1.00
"krypton-88","kBq","Krypton-88","kBq",0,1.00
"krypton-89","kBq","Krypton-89","kBq",0,1.00
"lactofen","kg","Lactofen","kg",0,1.00
"lake water","kg","Water, lake","m3",0,0.001
"lanthanum","kg","Lanthanum","kg",0,1.00
"lanthanum","kg","Lanthanum, 7.2% in bastnasite, 0.72% in crude ore, in ground","kg",0,1.00
"lanthanum-140","kBq","Lanthanum-140","kBq",0,1.00
"lanthanum-141","kBq","Lanthanum-140","kBq",1,1.00
"lasso","kg","Alachlor","kg",0,1.00
"lead","kg","Lead","kg",0,1.00
"lead","kg","Lead, 5.0% in sulfide, Pb 3.0%, Zn, Ag, Cd, In, in ground","kg",0,1.00
"lead-210","kBq","Lead-210","kBq",0,1.00
"limonene","kg","Terpenes","kg",1,1.00
"lindane","kg","Lindane","kg",0,1.00
"linuron","kg","Linuron","kg",0,1.00
"lithium","kg","Lithium, 0.15% in brine, in ground","kg",0,1.00
"lithium","kg","Lithium, ion","kg",0,1.00
"londax","kg","Bensulfuron methyl ester","kg",0,1.00
"magnesite","kg","Magnesite, 60% in crude ore, in ground","kg",0,1.00
"magnesium","kg","Magnesium","kg",0,1.00
"malathion","kg","Malathion","kg",0,1.00
"maleic hydrazide acid","kg","Maleic hydrazide","kg",0,1.00
"mancozeb","kg","Mancozeb","kg",0,1.00
"maneb","kg","Maneb","kg",0,1.00
"manganese","kg","Manganese","kg",0,1.00
"manganese-54","kBq","Manganese-54","kBq",0,1.00
"Manganese-55","kBq","Manganese-55","kBq",0,1.00
"MCPB","kg","MCPB","kg",0,1.00
"mecarbam","kg","Insecticides, unspecified","kg",1,1.00
"mecoprop","kg","Mecoprop","kg",0,1.00
"mecoprop","kg","Mecoprop-P","kg",1,1.00
"mefenoxam","kg","Metalaxyl-M","kg",0,1.00
"mepiquat chloride","kg","Mepiquat chloride","kg",0,1.00
"mercaptan","kg","Ethane thiol","kg",0,1.00
"mercury","kg","Mercury","kg",0,1.00
"metalaxil","kg","Metalaxil","kg",0,1.00
"metaldehyde","kg","Metaldehyde","kg",0,1.00
"metallurgical coal","kg","Coal, hard, unspecified, in ground","kg",1,1.00
"metamitron","kg","Metamitron","kg",0,1.00
"metazachlor","kg","Metazachlor","kg",0,1.00
"methabenzthiazuron","kg","Methabenzthiazuron","kg",0,1.00
"methacrylate","kg","Methyl acrylate","kg",0,1.00
"methamidophos","kg","Methamidophos","kg",0,1.00
"methane (biogenic)","kg","Methane, biogenic","kg",0,1.00
"methane (fossil)","kg","Methane, fossil","kg",0,1.00
"methanol","kg","Methanol","kg",0,1.00
"methiocarb","kg","Methiocarb","kg",0,1.00
"methomyl","kg","Methomyl","kg",0,1.00
"methyl ether","kg","Dimethyl ether","kg",0,1.00
"methyl ethyl ketone","kg","Methyl ethyl ketone","kg",0,1.00
"methyl formate","kg","Methyl formate","kg",0,1.00
"methyl isobutyl ketone","kg","4-Methyl-2-pentanone","kg",0,1.00
"methylamine","kg","Methyl amine","kg",0,1.00
"metolachlor","kg","Metolachlor","kg",0,1.00
"metolachlor (s-isomer)","kg","Metolachlor","kg",0,1.00
"metribuzin","kg","Metribuzin","kg",0,1.00
"metsulfuron-methyl","kg","Metsulfuron-methyl","kg",0,1.00
"mirex","kg","Insecticides, unspecified","kg",1,1.00
"molinate","kg","Molinate","kg",0,1.00
"molybdenum","kg","Molybdenum","kg",0,1.00
"molybdenum-99","kBq","Molybdenum-99","kBq",0,1.00
"monoethanolamine","kg","Monoethanolamine","kg",0,1.00
"monolinuron","kg","Monolinuron","kg",0,1.00
"monuron","kg","Herbicides, unspecified","kg",1,1.00
"m-xylene","kg","m-Xylene","kg",0,1.00
"nabam","kg","Fungicides, unspecified","kg",1,1.00
"naled","kg","Naled","kg",0,1.00
"napropamide","kg","Napropamide","kg",0,1.00
"n-butane","kg","Butane","kg",0,1.00
"n-butanol","kg","Butanol","kg",0,1.00
"n-butyl-acetate","kg","Butyl acetate","kg",0,1.00
"neodymium","kg","Neodymium, 4% in bastnasite, 0.4% in crude ore, in ground","kg",0,1.00
"Neptunium-237","kBq","Neptunium-237","kBq",0,1.00
"nickel","kg","Nickel","kg",0,1.00
"niobium-95","kBq","Niobium-95","kBq",0,1.00
"nitrate","kg","Nitrate","kg",0,1.00
"nitrite","kg","Nitrite","kg",0,1.00
"nitrobenzene","kg","Nitrobenzene","kg",0,1.00
"nitrogen","kg","Nitrogen","kg",0,1.00
"nitrogen","kg","Nitrogen, organic bound","kg",0,1.00
"nitrogen dioxide","kg","Nitrogen oxides","kg",1,1.00
"nitrogen monoxide","kg","Nitrogen oxides","kg",1,1.00
"nitrous oxide","kg","Dinitrogen monoxide","kg",0,1.00
"nonane","kg","Hydrocarbons, aliphatic, alkanes, unspecified","kg",1,1.00
"non-methane volatile organic compounds","kg","NMVOC, non-methane volatile organic compounds, unspecified origin","kg",0,1.00
"norflurazon","kg","Norflurazon","kg",0,1.00
"n-propanol","kg","Propanol","kg",0,1.00
"olivine","kg","Olivine, in ground","kg",0,1.00
"orbencarb","kg","Orbencarb","kg",0,1.00
"oxamyl","kg","Oxamyl","kg",0,1.00
"oxyfluorofen","kg","Oxyfluorfen","kg",0,1.00
"o-xylene","kg","o-Xylene","kg",0,1.00
"ozone","kg","Ozone","kg",0,1.00
"palladium","kg","Palladium","kg",0,1.00
"paraquat","kg","Paraquat","kg",0,1.00
"parathion","kg","Parathion","kg",0,1.00
"particles (> PM10)","kg","Particulates, > 10 um","kg",0,1.00
"particles (PM2.5 - PM10)","kg","Particulates, > 2.5 um, and < 10um","kg",0,1.00
"particles (PM2.5)","kg","Particulates, < 2.5 um","kg",0,1.00
"peat","kg","Peat, in ground","kg",0,1.00
"pendimethalin","kg","Pendimethalin","kg",0,1.00
"pentachlorobenzene","kg","Benzene, pentachloro-","kg",0,1.00
"pentachloronitrobenzene","kg","Quintozene","kg",0,1.00
"pentachlorophenol","kg","Phenol, pentachloro-","kg",0,1.00
"pentane","kg","Pentane","kg",0,1.00
"perlite","kg","Perlite, in ground","kg",0,1.00
"permethrin","kg","Permethrin","kg",0,1.00
"phenmedipham","kg","Phenmedipham","kg",0,1.00
"phenol","kg","Phenol","kg",0,1.00
"phorate","kg","Phorate","kg",0,1.00
"phosmet","kg","Phosmet","kg",0,1.00
"phosphate","kg","Phosphate","kg",0,1.00
"phosphine","kg","Phosphine","kg",0,1.00
"phosphoric acid","kg","Phosphoric acid","kg",0,1.00
"phosphorus","kg","Phosphorus","kg",0,1.00
"pirimicarb","kg","Pirimicarb","kg",0,1.00
"platinum","kg","Platinum","kg",0,1.00
"plutonium","kBq","Plutonium-alpha","kBq",0,1.00
"plutonium-238","kBq","Plutonium-238","kBq",0,1.00
"Plutonium-241","kBq","Plutonium-241","kBq",0,1.00
"polonium-210","kBq","Polonium-210","kBq",0,1.00
"polychlorinated biphenyls","kg","Polychlorinated biphenyls","kg",0,1.00
"polycyclic aromatic hydrocarbons","kg","Hydrocarbons, aromatic","kg",0,1.00
"polycyclic aromatic hydrocarbons","kg","PAH, polycyclic aromatic hydrocarbons","kg",0,1.00
"potassium","kg","Potassium","kg",0,1.00
"potassium chloride","kg","Potassium chloride","kg",0,1.00
"potassium-40","kBq","Potassium-40","kBq",0,1.00
"praseodymium","kg","Praseodymium, 0.42% in bastnasite, 0.042% in crude ore, in ground","kg",0,1.00
"primary energy from geothermics","kg","Energy, geothermal, converted","MJ",0,1.00
"primary energy from hydro power","kg","Energy, potential (in hydropower reservoir), converted","MJ",0,1.00
"primary energy from solar energy","kg","Energy, solar, converted","MJ",0,1.00
"primary energy from wind power","kg","Energy, kinetic (in wind), converted","MJ",0,1.00
"prochloraz","kg","Prochloraz","kg",0,1.00
"prometryn","kg","Prometryn","kg",0,1.00
"pronamide","kg","Pronamide","kg",0,1.00
"propamocarb","kg","Propamocarb HCl","kg",0,1.00
"propanal","kg","Propanal","kg",0,1.00
"propane","kg","Propane","kg",0,1.00
"propanil","kg","Propanil","kg",0,1.00
"propaquizafop","kg","Propaquizafop","kg",0,1.00
"propargite","kg","Propargite","kg",0,1.00
"propene","kg","Propene","kg",0,1.00
"propiconazole","kg","Propiconazole","kg",0,1.00
"propionic acid","kg","Propionic acid","kg",0,1.00
"propylene oxide","kg","Propylene oxide","kg",0,1.00
"prosulfocarb","kg","Prosulfocarb","kg",0,1.00
"prosulfuron","kg","Prosulfuron","kg",0,1.00
"protactinium-234","kBq","Protactinium-234","kBq",0,1.00
"pursuit","kg","Imazethapyr","kg",0,1.00
"pymetrozine","kg","Pymetrozine","kg",0,1.00
"pyridate","kg","Pyridate","kg",0,1.00
"pyriproxyfen","kg","Pyriproxyfen","kg",0,1.00
"pyrite","kg","Pyrite, in ground","kg",0,1.00
"pyrithiobac-sodium","kg","Pyrithiobac sodium salt","kg",0,1.00
"quartz sand","kg","Sand, unspecified, in ground","kg",0,1.00
"quizalofop-ethyl","kg","Quizalofop ethyl ester","kg",0,1.00
"R-40","kg","Methane, monochloro-, R-40","kg",0,1.00
"radium-224","kBq","Radium-224","kBq",0,1.00
"radium-226","kBq","Radium-226","kBq",0,1.00
"radium-228","kBq","Radium-228","kBq",0,1.00
"radon-220","kBq","Radon-220","kBq",0,1.00
"radon-222","kBq","Radon-222","kBq",0,1.00
"raw pumice","kg","Pumice, in ground","kg",0,1.00
"rhenium","kg","Rhenium, in crude ore, in ground","kg",0,1.00
"rhodium","kg","Rh, Rh 2.4E-5%, Pt 4.8E-4%, Pd 2.0E-4%, Ni 3.7E-2%, Cu 5.2E-2% in ore, in ground","kg",0,1.00
"rimsulfuron","kg","Rimsulfuron","kg",0,1.00
"river water","kg","Water, river","m3",0,0.001
"roundup","kg","Glyphosate","kg",0,1.00
"rubidium","kg","Rubidium","kg",0,1.00
"ruthenium-103","kBq","Ruthenium-103","kBq",0,1.00
"ruthenium-106","kBq","Ruthenium-106","kBq",0,1.00
"sabinene","kg","Terpenes","kg",1,1.00
"samarium","kg","Samarium, 0.3% in bastnasite, 0.03% in crude ore, in ground","kg",0,1.00
"sand","kg","Sand, unspecified, in ground","kg",0,1.00
"scandium","kg","Scandium","kg",0,1.00
"sea water","kg","Water, salt, ocean","m3",0,0.001
"selenium","kg","Selenium","kg",0,1.00
"sethoxydim","kg","Sethoxydim","kg",0,1.00
"s-ethyl dipropylthiocarbamate","kg","EPTC","kg",0,1.00
"shale","kg","Shale, in ground","kg",0,1.00
"silicium tetrafluoride","kg","Silicon tetrafluoride","kg",0,1.00
"silicon","kg","Silicon","kg",0,1.00
"silver","kg","Silver","kg",0,1.00
"silver","kg","Silver, ion","kg",0,1.00
"silver-110","kBq","Silver-110","kBq",0,1.00
"simazine","kg","Simazine","kg",0,1.00
"sodium","kg","Sodium","kg",0,1.00
"sodium","kg","Sodium, ion","kg",0,1.00
"sodium chloride","kg","Sodium chloride, in ground","kg",0,1.00
"sodium nitrate","kg","Sodium nitrate, in ground","kg",0,1.00
"sodium sulfate","kg","Sodium sulphate, various forms, in ground","kg",0,1.00
"sodium-24","kBq","Sodium-24","kBq",0,1.00
"starane","kg","Starane","kg",0,1.00
"strontium","kg","Strontium","kg",0,1.00
"strontium-89","kBq","Strontium-89","kBq",0,1.00
"strontium-90","kBq","Strontium-90","kBq",0,1.00
"styrene","kg","Styrene","kg",0,1.00
"sulfate","kg","Sulfate","kg",0,1.00
"sulfentrazone","kg","Sulfentrazone","kg",0,1.00
"sulfide","kg","Sulfide","kg",0,1.00
"sulfite","kg","Sulfite","kg",0,1.00
"sulfosulfuron","kg","Sulfosulfuron","kg",0,1.00
"sulfur","kg","Sulfur","kg",0,1.00
"sulfur","kg","Sulfur, in ground","kg",0,1.00
"sulfur dioxide","kg","Sulfur dioxide","kg",0,1.00
"sulfur hexafluoride","kg","Sulfur hexafluoride","kg",0,1.00
"talc","kg","Talc, in ground","kg",0,1.00
"tantalum","kg","Tantalum, 81.9% in tantalite, 1.6E-4% in crude ore, in ground","kg",0,1.00
"tau-fluvalinate","kg","tau-Fluvalinate","kg",0,1.00
"tebuconazole","kg","Tebuconazole","kg",0,1.00
"tebufenozide","kg","Tebufenozide","kg",0,1.00
"tebutam","kg","Tebutam","kg",0,1.00
"technetium-99","kBq","Technetium-99","kBq",0,1.00
"teflubenzuron","kg","Teflubenzuron","kg",0,1.00
"tefluthrin","kg","Tefluthrin","kg",0,1.00
"tellurium","kg","Tellurium, 0.5ppm in sulfide, Te 0.2ppm, Cu and Ag, in crude ore, in ground","kg",0,1.00
"tellurium-123","kBq","Tellurium-123m","kBq",0,1.00
"tellurium-132","kBq","Tellurium-132","kBq",0,1.00
"terbufos","kg","Terbufos","kg",0,1.00
"terbuthylazin","kg","Terbuthylazin","kg",0,1.00
"tert-butyl methyl ether","kg","t-Butyl methyl ether","kg",0,1.00
"tetrachloroethene","kg","Ethene, tetrachloro-","kg",0,1.00
"thallium","kg","Thallium","kg",0,1.00
"thidiazuron","kg","Thidiazuron","kg",0,1.00
"thifensulfuron-methyl","kg","Thifensulfuron-methyl","kg",0,1.00
"thiobencarb","kg","Thiobencarb","kg",0,1.00
"thiocyanic acid (2-benzothiazolylthio)methyl ester","kg","TCMTB","kg",0,1.00
"thiram","kg","Thiram","kg",0,1.00
"thorium","kg","Thorium","kg",0,1.00
"thorium-228","kBq","Thorium-228","kBq",0,1.00
"thorium-230","kBq","Thorium-230","kBq",0,1.00
"thorium-232","kBq","Thorium-232","kBq",0,1.00
"thorium-234","kBq","Thorium-234","kBq",0,1.00
"tin","kg","Tin","kg",0,1.00
"tin oxide","kg","Tin, 79% in cassiterite, 0.1% in crude ore, in ground","kg",0,1.00
"titanium","kg","Titanium","kg",0,1.00
"titanium dioxide","kg","TiO2, 54% in ilmenite, 2.6% in crude ore, in ground","kg",0,1.00
"toluene","kg","Toluene","kg",0,1.00
"total organic carbon","kg","TOC, Total Organic Carbon","kg",0,1.00
"tralomethrin","kg","Tralomethrin","kg",0,1.00
"triadimenol","kg","Triadimenol","kg",0,1.00
"triallate","kg","Tri-allate","kg",0,1.00
"triasulfuron","kg","Triasulfuron","kg",0,1.00
"tribenuron-methyl","kg","Tribenuron","kg",0,1.00
"tribenuron-methyl","kg","Tribenuron-methyl","kg",0,1.00
"tributylphosphorotrithioate","kg","Tribufos","kg",0,1.00
"tributyltin","kg","Tributyltin compounds","kg",0,1.00
"trichloroethene","kg","Ethene, trichloro-","kg",0,1.00
"trichlorofon","kg","Trichlorfon","kg",0,1.00
"tridemorph","kg","Tridemorph","kg",0,1.00
"triethylene glycol","kg","Triethylene glycol","kg",0,1.00
"trifluoroacetic acid","kg","Acetic acid, trifluoro-","kg",0,1.00
"trifluralin","kg","Trifluralin","kg",0,1.00
"triflusulfuron-methyl","kg","Triflusulfuron-methyl","kg",0,1.00
"trinexapac-ethyl","kg","Trinexapac-ethyl","kg",0,1.00
"tungsten","kg","Tungsten","kg",0,1.00
"uranium","kg","Uranium","kg",0,1.00
"uranium","kg","Uranium, in ground","kg",0,1.00
"uranium-234","kBq","Uranium-234","kBq",0,1.00
"uranium-235","kBq","Uranium-235","kBq",0,1.00
"uranium-238","kBq","Uranium-238","kBq",0,1.00
"vanadium","kg","Vanadium","kg",0,1.00
"vinclozolin","kg","Vinclozolin","kg",0,1.00
"vinyl chloride","kg","Ethene, chloro-","kg",0,1.00
"volatile organic compound","kg","VOC, volatile organic compounds, unspecified origin","kg",0,1.00
"waste heat","kg","Heat, waste","MJ",0,1.00
"water","kg","Water","kg",0,1.00
"water","kg","Water, unspecified natural origin","m3",0,0.001
"xenon","kg","Xenon, in air","kg",0,1.00
"xenon-131","kBq","Xenon-131m","kBq",0,1.00
"xenon-133","kBq","Xenon-133","kBq",0,1.00
"xenon-135","kBq","Xenon-135","kBq",0,1.00
"xenon-137","kBq","Xenon-137","kBq",0,1.00
"xenon-138","kBq","Xenon-138","kBq",0,1.00
"xylene (all isomers)","kg","Xylene","kg",0,1.00
"zinc","kg","Zinc","kg",0,1.00
"zinc-65","kBq","Zinc-65","kBq",0,1.00
"zirconium","kg","Zirconium","kg",0,1.00
"zirconium-95","kBq","Zirconium-95","kBq",0,1.00
